Laurene,1,Comanche,Sonoma
Catina,2,Cuban,Sundance
Odetta,3,Cree,S70
Leslie,4,Ottawa,Express 2500
Rose,5,American Indian and Alaska Native (AIAN),M-Class
Tabbi,6,Taiwanese,Savana 2500
Neala,7,Delaware,L-Series
Karine,8,Mexican,Malibu
Jobye,9,Navajo,A6
Becky,10,Dominican (Dominican Republic),LX
Iona,11,Mexican,Explorer Sport Trac
Loutitia,12,Laotian,745
Mair,13,Ute,Civic
Raychel,14,Yakama,SLX
Griselda,15,Laotian,Century
Dareen,16,Alaskan Athabascan,S40
Leyla,17,Asian Indian,Century
Linette,18,Guamanian,Magnum
Martha,19,Malaysian,Laser
Fernanda,20,Spaniard,RX
Rachel,21,Japanese,C-Class
Berry,22,Guatemalan,Savana 1500
Mil,23,Guatemalan,Jetta
Dacy,24,White,850
Agatha,25,Lumbee,Pajero
Gerry,26,Pima,Suburban 2500
Isabella,27,Cree,G-Class
Elyn,28,Iroquois,Town Car
Gertrudis,29,Dominican (Dominican Republic),Swift
Milissent,30,Crow,Grand Caravan
Austin,31,Cuban,Topaz
Vyky,32,Puerto Rican,Maxima
Margarete,33,Delaware,Focus
Lilith,34,Samoan,Touareg
Cyndie,35,Thai,Dakota Club
Kerri,36,Vietnamese,Golf
Claudia,37,Pakistani,MX-6
Clary,38,Guamanian,Aerostar
Reta,39,Polynesian,S-Series
Dalenna,40,Pakistani,Accord
Anne-marie,41,Paraguayan,Swift
Marjy,42,Peruvian,I
Emelia,43,Apache,Insight
Vina,44,American Indian,Corvette
Sukey,45,Eskimo,Esprit
Deedee,46,Kiowa,Rally Wagon 1500
Evie,47,Pakistani,Dakota Club
Jeanelle,48,Colville,FX
Eada,49,Salvadoran,SC
Jourdan,50,Cree,Z4
Sidonnie,51,Menominee,Montero Sport
Nikki,52,Japanese,Jetta
Kynthia,53,Ecuadorian,Stealth
Myrah,54,Mexican,Ram Van 3500
Ansley,55,Melanesian,RX-7
Ashlen,56,Panamanian,Prius
Lexie,57,American Indian and Alaska Native (AIAN),Mountaineer
Anthe,58,Chippewa,X5
Gloriana,59,Hmong,Grand Cherokee
Marcelline,60,Taiwanese,Ranger
Liesa,61,Lumbee,Nitro
Masha,62,Pueblo,Optima
Janella,63,Malaysian,Envoy
Cristie,64,South American,Express 2500
Willie,65,Bolivian,Taurus
Melisenda,66,Honduran,Sonata
Kasey,67,Puget Sound Salish,IS F
Randie,68,Cuban,Ranger
Ellie,69,Vietnamese,Bonneville
Esmeralda,70,Spaniard,E-Class
Valida,71,Navajo,Legacy
Carolee,72,Bangladeshi,TL
Lianne,73,Pueblo,Exige
Flora,74,Puerto Rican,XJ Series
Michaelina,75,Blackfeet,Trooper
Dinny,76,Potawatomi,Sportvan G30
Patrice,77,Salvadoran,CTS
Eadith,78,Korean,Windstar
Diahann,79,Argentinian,9-3
Beilul,80,Shoshone,Envoy XUV
Janeczka,81,Vietnamese,1 Series
Caty,82,Filipino,Town Car
Nelie,83,Iroquois,600
Damita,84,Nicaraguan,V12 Vantage
Zaneta,85,Japanese,MR2
Kerri,86,Taiwanese,Tacoma Xtra
Chery,87,Puerto Rican,Savana 2500
Modesta,88,Ute,ES
Barbe,89,Potawatomi,Mariner
Scarlet,90,Cree,Town & Country
Marleah,91,Osage,Prius Plug-in Hybrid
Tobey,92,Cherokee,Durango
Jessika,93,Puget Sound Salish,Ram Van 3500
Darcy,94,Ottawa,Town Car
Stefania,95,Alaska Native,Sunfire
Happy,96,Chippewa,Prizm
Sharlene,97,Ute,Familia
Stevena,98,Navajo,Raider
Tamiko,99,Shoshone,Durango
Fanya,100,Honduran,Sonata
Tanitansy,101,Nicaraguan,Q5
Walliw,102,Ecuadorian,NSX
Ardis,103,Uruguayan,Stealth
Genny,104,Samoan,F250
Livia,105,Iroquois,SLS-Class
Margit,106,Sioux,NX
Shirl,107,Dominican (Dominican Republic),Sunbird
Lisabeth,108,White,i-280
Nickie,109,Iroquois,S10 Blazer
Yolanthe,110,Latin American Indian,200SX
Lavena,111,Paiute,Savana 2500
Ashla,112,Cherokee,Accord
Stoddard,113,Chilean,CX-7
Doria,114,Tohono O'Odham,Esprit
Kara-lynn,115,Tlingit-Haida,Monte Carlo
Eachelle,116,Yakama,H2 SUT
Shanie,117,Tongan,Frontier
Mabel,118,Latin American Indian,Canyon
Annalise,119,Chilean,Th!nk
Colline,120,Filipino,Leganza
Ula,121,Guamanian,A4
Viviene,122,Melanesian,S10
Brittan,123,Ute,Ranger
Paige,124,Comanche,Sunbird
Deny,125,Japanese,9-5
Pepi,126,Japanese,Boxster
Bev,127,Blackfeet,Vibe
Justinn,128,Chamorro,Altima
Giralda,129,Ecuadorian,Mystique
Carly,130,Creek,Commander
Cristi,131,Creek,Navigator
Angelika,132,Alaska Native,H1
Nannette,133,Ecuadorian,Vibe
Trude,134,Yakama,Savana 2500
Sapphira,135,Spaniard,CTS
Genevieve,136,Argentinian,Voyager
Rikki,137,White,Neon
Joni,138,South American,Colt
Mollie,139,Dominican (Dominican Republic),Sienna
Althea,140,Alaska Native,Camry
Elana,141,Central American,Land Cruiser
Lotty,142,Cheyenne,Panamera
Euphemia,143,Choctaw,SC
Darby,144,Dominican (Dominican Republic),G
Clarinda,145,Uruguayan,Cayenne
Adela,146,Native Hawaiian,Impreza
Mab,147,Osage,Swift
Dyane,148,Comanche,Acadia
Tove,149,Puget Sound Salish,Q
Daphene,150,Micronesian,Tribute
Francisca,151,Comanche,Golf
Adele,152,Filipino,Cougar
Dulci,153,Ute,Caprice Classic
Cathrine,154,American Indian and Alaska Native (AIAN),9000
Lara,155,Argentinian,Grand Prix
Cairistiona,156,Paraguayan,1 Series
Gail,157,Navajo,Intrigue
Georgetta,158,Yaqui,CX-9
Ilka,159,Uruguayan,B2000
Justinn,160,Alaska Native,E-Class
Bertina,161,Black or African American,XJ Series
Martynne,162,Creek,Prius c
Row,163,Paraguayan,Rodeo
Kasey,164,Taiwanese,Raider
Joellyn,165,Creek,Prelude
Eada,166,Choctaw,Bonneville
Christie,167,Mexican,Ram Van B250
Ethelyn,168,Filipino,Altima
Debera,169,Pima,I
Caressa,170,Ute,Prizm
Lari,171,Guamanian,Entourage
Agatha,172,South American,911
Layney,173,Aleut,Prius
Laurice,174,Chilean,Swift
Tess,175,Spaniard,Ranger
Kala,176,Chamorro,Taurus
Rozanne,177,Cheyenne,9000
Darcie,178,Yuman,Diablo
Doralin,179,Native Hawaiian,Suburban
Zulema,180,Filipino,Caravan
Hermia,181,Ottawa,Avalanche 2500
Blaire,182,Puerto Rican,Sequoia
Bonnee,183,White,Passat
Cherey,184,American Indian,Yukon XL 2500
Mellisent,185,Ottawa,Freestar
Sherilyn,186,Sioux,MR2
Julianne,187,Puerto Rican,Riviera
Trixi,188,Pueblo,SLX
Binny,189,Potawatomi,Continental GTC
Deane,190,Eskimo,Sonoma Club
Elsinore,191,Eskimo,GranTurismo
Cacilia,192,Guatemalan,Sixty Special
Daveen,193,Chippewa,LS
Georgianna,194,Tohono O'Odham,Suburban 1500
Brook,195,Pueblo,Grand Prix
Donia,196,Melanesian,Sephia
Karlee,197,Asian Indian,Altima
Wileen,198,Costa Rican,Mark VII
Elka,199,South American,LeSabre
Harriot,200,Dominican (Dominican Republic),Gallardo
Shaina,201,Vietnamese,C70
Demetris,202,Salvadoran,Astro
Rena,203,Costa Rican,Ram 1500
Codee,204,Colombian,Park Avenue
Viviene,205,Laotian,Astro
Kirsteni,206,Venezuelan,Contour
Bianka,207,Hmong,Ram Van 3500
Carolynn,208,Chinese,62
Jocelyn,209,Choctaw,430 Scuderia
Shandie,210,Chamorro,Quest
Edeline,211,Cree,928
Lillis,212,Chickasaw,Impreza
Laurianne,213,Guamanian,960
Rochell,214,Alaska Native,S-Type
Jennifer,215,Black or African American,L-Series
Xaviera,216,Shoshone,Discovery Series II
Odelinda,217,Filipino,Z3
Lucine,218,Menominee,MX-5
Ollie,219,Delaware,Brat
Halimeda,220,Osage,Navigator
Hinda,221,Native Hawaiian,Forte
Germaine,222,Salvadoran,CLK-Class
Sherye,223,Black or African American,XJ Series
Kacey,224,Samoan,Rendezvous
Adiana,225,Uruguayan,Fox
Jonie,226,Asian,Genesis
Ilene,227,Melanesian,Swift
Angelita,228,Delaware,Eclipse
Blaire,229,Houma,Civic
Diann,230,Cree,Solara
Berni,231,Micronesian,RAV4
Sheree,232,Melanesian,Firebird
Hettie,233,Kiowa,Altima
Ninon,234,Apache,9-3
Abigael,235,Spaniard,Safari
Sheba,236,Yuman,Tempo
Queenie,237,Peruvian,Matrix
Annelise,238,Colombian,LTD Crown Victoria
Maryl,239,Crow,Bravada
Carrie,240,Yaqui,Camry Solara
Corinna,241,Samoan,Genesis Coupe
Alethea,242,Apache,Colt
Britta,243,Tohono O'Odham,Corolla
Carlotta,244,Vietnamese,Phaeton
Leanna,245,Black or African American,Prius
Jocelyn,246,Yaqui,Blackwood
Rheta,247,Dominican (Dominican Republic),Amigo
Zenia,248,Bangladeshi,Silhouette
Sile,249,Cuban,Yukon
Renate,250,Ottawa,Elantra
Loretta,251,Apache,Brat
Blinni,252,Houma,Contour
Merrily,253,Japanese,Tribeca
Dael,254,Blackfeet,Fury
Ermengarde,255,Panamanian,Aurora
Dacey,256,Native Hawaiian,G
Rosamond,257,Dominican (Dominican Republic),Savana 2500
Linell,258,Colombian,C70
Marabel,259,Thai,Maxima
Odelle,260,Puget Sound Salish,Navigator
Keslie,261,Aleut,Alcyone SVX
Analiese,262,Puget Sound Salish,370Z
Eugenia,263,Uruguayan,Sable
Kristan,264,Ute,MPV
Floris,265,Yakama,Rabbit
Kylen,266,Paraguayan,626
Rowe,267,Alaska Native,Sequoia
Cordey,268,Mexican,Firebird
Olivia,269,Fijian,Camaro
Saundra,270,Seminole,Camaro
Georgianne,271,Latin American Indian,Liberty
Faun,272,Puerto Rican,MX-5
Florence,273,Korean,S60
Avrit,274,Aleut,Escape
Harriot,275,Central American,A6
Claire,276,Alaskan Athabascan,RX-7
Tiffanie,277,Paiute,Elantra
Grata,278,Ottawa,Tundra
Kaycee,279,Seminole,G5
Ambur,280,Taiwanese,Suburban 1500
Arlyne,281,Laotian,Bonneville
Emmie,282,Guatemalan,Armada
Easter,283,Pakistani,Corvette
Alfi,284,Native Hawaiian and Other Pacific Islander (NHPI),X5
Marleen,285,Fijian,Sequoia
Mag,286,Colville,Land Cruiser
Heath,287,Yaqui,Focus
Grayce,288,Paiute,Matrix
Meade,289,Yakama,Continental Mark VII
Caryl,290,Yaqui,Civic
Dorotea,291,Kiowa,Ram 2500 Club
Kendra,292,Crow,626
Bobinette,293,Uruguayan,XJ
Lidia,294,Tongan,F-Series
Bren,295,Bangladeshi,Countach
Simonne,296,Indonesian,Suburban 2500
Chad,297,Apache,F-Series
Sybille,298,Paiute,B-Series
Hailee,299,Central American,Silverado Hybrid
Bebe,300,Melanesian,Grand Prix
Lynnette,301,American Indian,SC
Carolyne,302,Pakistani,LaCrosse
Margit,303,Cree,B-Series
Brianna,304,Panamanian,Nitro
Terrye,305,Latin American Indian,V40
Bird,306,Micronesian,Canyon
Rubetta,307,Lumbee,SLR McLaren
Ki,308,Korean,Santa Fe
Verla,309,Taiwanese,5000S
Christabella,310,Comanche,Sierra
Sonny,311,Pueblo,1500
Morgana,312,Kiowa,Outlander Sport
Elizabeth,313,Tohono O'Odham,Express 1500
Lesley,314,Menominee,Voyager
Tanitansy,315,Colville,New Beetle
Shannon,316,Ottawa,Accord
Rozelle,317,Creek,Excursion
Lynea,318,Cherokee,Fleetwood
Bernetta,319,Pueblo,E-Class
Mirabella,320,American Indian and Alaska Native (AIAN),MDX
Codee,321,Honduran,Cordia
Marcia,322,Vietnamese,Ghost
Janelle,323,Fijian,RAV4
Tomi,324,Navajo,Zephyr
Feliza,325,Argentinian,280ZX
Nananne,326,Guatemalan,Altima
Lonni,327,Chamorro,Five Hundred
Catrina,328,Native Hawaiian,Esprit
Arlen,329,Cree,H3
Morganne,330,Bolivian,F450
Mady,331,Alaskan Athabascan,Suburban 2500
Saundra,332,Paiute,Tacoma
Malina,333,Tohono O'Odham,Santa Fe
Tanitansy,334,Colville,G37
Cassandry,335,Paiute,Town Car
Jennilee,336,Sri Lankan,Highlander
Rennie,337,Cherokee,Safari
Bettine,338,Thai,Challenger
Vivi,339,Latin American Indian,Vision
Karrah,340,Tohono O'Odham,Continental
Charisse,341,Hmong,Silverado 1500
Deanna,342,Tongan,LeMans
Noelle,343,Chilean,F-Series
Bill,344,Menominee,Passat
Starlene,345,Shoshone,Tacoma
Gerta,346,Micronesian,RX-7
Ros,347,Japanese,Silverado 3500
Carmen,348,Tongan,Dakota Club
Brenna,349,Sri Lankan,Monaco
Lindi,350,Samoan,Sentra
Devora,351,Laotian,Sierra
Marj,352,Choctaw,Envoy
Aurelea,353,Guamanian,Genesis
Jaymee,354,Iroquois,Tucson
Delphinia,355,Hmong,A4
Gavra,356,Colombian,Cayman
Patti,357,Ute,Accord
Roze,358,Japanese,Gemini
Elli,359,Cambodian,FJ Cruiser
Jolie,360,Bangladeshi,Sentra
Mala,361,Creek,TSX
Stacie,362,Puerto Rican,Seville
Milicent,363,Spaniard,LTD Crown Victoria
Batsheva,364,Honduran,RAV4
Margette,365,Yaqui,Seville
Bonnie,366,Puget Sound Salish,X6
Helge,367,Potawatomi,Passport
Shirleen,368,Yakama,Mighty Max Macro
Allissa,369,Uruguayan,Ram Van 2500
Lark,370,Spaniard,LR3
Luce,371,Samoan,Grand Marquis
Penni,372,White,DeVille
Kalindi,373,Indonesian,H1
Shir,374,Pakistani,Ram 3500
Vere,375,Eskimo,Grand Marquis
Constancia,376,Black or African American,B-Series
Kathye,377,Yuman,Yukon XL 1500
Marlene,378,Fijian,G5
Jo-ann,379,Bolivian,Mazda6
Modesta,380,Mexican,RX-7
Poppy,381,Yuman,Acclaim
Reena,382,Tohono O'Odham,Sequoia
Lucilia,383,Central American,CR-V
Coleen,384,Panamanian,Trans Sport
Lanie,385,Cheyenne,Acadia
Norean,386,Delaware,Miata MX-5
Audrey,387,Crow,Lanos
Glenna,388,Hmong,Sportvan G30
Riva,389,Sri Lankan,A5
Lena,390,Iroquois,Regency
Carie,391,Puget Sound Salish,C70
Elissa,392,Tlingit-Haida,Savana 3500
Lilly,393,Puget Sound Salish,F250
Birgit,394,Yakama,Escort
Teodora,395,Ottawa,Mustang
Farah,396,Argentinian,4Runner
Sheena,397,South American,Topaz
Idaline,398,Chickasaw,XJ Series
Rubi,399,Menominee,A6
Bryna,400,Thai,Yukon XL 2500
Bobbee,401,Central American,Sorento
Darrelle,402,Crow,S40
Delinda,403,Delaware,Continental
Trisha,404,Chamorro,Jetta
Vernice,405,Osage,Lancer Evolution
Delila,406,Panamanian,Esprit
Fanni,407,Guatemalan,RL
Ted,408,Malaysian,929
Perri,409,American Indian,Taurus
Estelle,410,Costa Rican,Corvette
Aindrea,411,Melanesian,Ranger
Dawn,412,Shoshone,Sable
Lulu,413,Potawatomi,G
Aleece,414,Iroquois,XK Series
Annabelle,415,Cheyenne,S-Type
Cheryl,416,Comanche,Protege
Maura,417,Cherokee,H2
Ricki,418,Aleut,Eldorado
Crissy,419,Venezuelan,Lancer
Oralla,420,Malaysian,LTD
Gillie,421,Shoshone,Camry
Koralle,422,Japanese,Sorento
Dottie,423,Ute,Eclipse
Carmina,424,Peruvian,1500
Lacee,425,Uruguayan,Safari
Edin,426,Cheyenne,Fit
Gerhardine,427,Mexican,Matrix
Maiga,428,Delaware,Topaz
Ira,429,Nicaraguan,Intrepid
Sena,430,Chickasaw,EX
Fernandina,431,Crow,G-Series G20
Giana,432,Costa Rican,929
Moselle,433,Cherokee,Murci√©lago
Leisha,434,Ottawa,Explorer Sport Trac
Marianne,435,Alaskan Athabascan,Civic
Jacquenetta,436,Tohono O'Odham,E250
Addi,437,Black or African American,Sky
Lulita,438,Sri Lankan,Pajero
Juanita,439,Mexican,Navigator
Faye,440,Paiute,Navigator
Eileen,441,Uruguayan,Ram 3500
Dani,442,Guatemalan,Versa
Bev,443,Guamanian,Golf
Kerianne,444,Puerto Rican,DeVille
Shena,445,Asian,4000s Quattro
Andy,446,Honduran,Continental GTC
Annelise,447,Puerto Rican,325
Josefina,448,Asian Indian,Camry Hybrid
Trish,449,Peruvian,XL-7
Christiane,450,Indonesian,Challenger
Jess,451,Yakama,Camaro
Christian,452,Menominee,Eldorado
Mickie,453,Mexican,Cayenne
Christi,454,Dominican (Dominican Republic),Express 3500
Lana,455,Dominican (Dominican Republic),Blazer
Melodie,456,Chinese,Crown Victoria
Noella,457,Argentinian,Mustang
Shawn,458,Venezuelan,Impala
Maryanne,459,Costa Rican,Soul
Caril,460,Cambodian,Continental
Rozanne,461,Laotian,Navigator
Judye,462,Cuban,Corvette
Sapphira,463,American Indian,960
Adelaida,464,Bangladeshi,Azure
Myrah,465,Menominee,Navigator L
Joelle,466,Fijian,Mirage
Kassia,467,Creek,Imperial
Pauli,468,Colville,A6
Allie,469,Honduran,E-350 Super Duty Van
Mireielle,470,Bolivian,RAV4
Nevsa,471,Nicaraguan,Park Avenue
Nikaniki,472,Yuman,Escalade
Carita,473,Yakama,Riviera
Herminia,474,Salvadoran,W126
Phillie,475,Vietnamese,S80
Drusie,476,Guamanian,DTS
Nedda,477,Latin American Indian,Topaz
Lydia,478,Cherokee,Range Rover
Mellie,479,Pueblo,Continental GTC
Malva,480,Hmong,Expedition
Katerina,481,Ottawa,Grand Caravan
Felisha,482,Costa Rican,Familia
Merralee,483,Indonesian,Clubman
Fey,484,Yuman,90
Sydelle,485,South American,Savana 3500
Lavina,486,Taiwanese,Town Car
Anne,487,Colville,Bronco
Karoline,488,Apache,Solara
Letta,489,Peruvian,B-Series Plus
Mair,490,Alaskan Athabascan,Camaro
Storm,491,Comanche,Ram 2500 Club
Ealasaid,492,Paiute,Sixty Special
Ariadne,493,Tongan,Grand Vitara
Ainslie,494,Cuban,A8
Elfreda,495,Cherokee,MPV
Trudie,496,Paraguayan,E-Series
Nanon,497,Seminole,1500
Jilleen,498,Hmong,TSX
Roslyn,499,Argentinian,R-Class
Blakeley,500,Cree,MGB
Ferne,501,Choctaw,Camaro
Conchita,502,Chickasaw,Accent
Vivien,503,Ottawa,B-Series
Marinna,504,Venezuelan,Bronco
Mirabel,505,Japanese,Mountaineer
Freddy,506,Lumbee,MDX
Latisha,507,Native Hawaiian and Other Pacific Islander (NHPI),Civic
Kati,508,Cheyenne,Colt
Stephana,509,South American,Ram 3500 Club
Myrah,510,Melanesian,100
Raye,511,Chippewa,Somerset
Loleta,512,Bangladeshi,Courier
Ester,513,Sri Lankan,3500
Valerie,514,Sioux,Sunfire
Michel,515,Thai,Monte Carlo
Alex,516,White,C8
Paige,517,Sioux,TL
Michaela,518,Pima,V40
Lanette,519,Sioux,LS
Lynda,520,Eskimo,F-Series
Marjorie,521,Chippewa,W201
Berta,522,South American,Montana SV6
Kelsy,523,Tlingit-Haida,Solara
Leela,524,Native Hawaiian and Other Pacific Islander (NHPI),New Beetle
Layne,525,Guamanian,Thunderbird
Rafaelia,526,Nicaraguan,Savana 1500
Jamima,527,Argentinian,Biturbo
Leila,528,Thai,Forester
Nataline,529,Delaware,Savana 3500
Shaina,530,Argentinian,G25
Maren,531,Honduran,Passport
Aimee,532,Indonesian,Ion
Madelina,533,Puerto Rican,Explorer
Zorah,534,Ottawa,XL7
Sianna,535,Black or African American,Econoline E150
Laryssa,536,Chickasaw,Esprit
Rozelle,537,South American,330
Gilberte,538,Fijian,Ram 3500
Lizzie,539,Cambodian,Ranger
Sheryl,540,Cheyenne,W201
Melissa,541,Cherokee,S8
Audie,542,Ecuadorian,RX
Fleurette,543,Yuman,Sportage
Vallie,544,Costa Rican,Chariot
Charmaine,545,Apache,Crown Victoria
Meggy,546,Uruguayan,Esprit
Brigitta,547,Latin American Indian,Rodeo
Juliet,548,Polynesian,XK Series
Cathryn,549,Pakistani,E-Class
Rosella,550,Aleut,Savana 1500
Brittani,551,Chickasaw,Cooper
Cindy,552,Alaskan Athabascan,944
Sheri,553,Samoan,EXP
Kizzee,554,Shoshone,G-Series 3500
Missie,555,Blackfeet,Escalade
Zahara,556,Houma,Range Rover
Erinna,557,Japanese,240
Illa,558,Argentinian,Range Rover
Xylia,559,Central American,626
Kaye,560,Micronesian,Celica
Debbi,561,Micronesian,Viper
Debera,562,Melanesian,S-Class
Letizia,563,Tohono O'Odham,Element
Marybelle,564,Aleut,MX-5
Bernelle,565,Eskimo,TundraMax
Gillian,566,Central American,900
Gypsy,567,Native Hawaiian,E250
Alysa,568,Melanesian,EX
Merrily,569,Cherokee,S10
Gale,570,Cambodian,Tracer
Danell,571,Spaniard,Probe
Marys,572,Black or African American,Corvette
Liana,573,Osage,Five Hundred
Adelice,574,Peruvian,LaCrosse
Margaux,575,Yaqui,Econoline E150
Cam,576,Alaska Native,SC
Deedee,577,Navajo,3000GT
Dulcy,578,Comanche,Solstice
Miran,579,Dominican (Dominican Republic),Mark LT
Brinn,580,Blackfeet,Voyager
Lonna,581,Native Hawaiian and Other Pacific Islander (NHPI),Forester
Darcy,582,Tongan,Sunfire
Raquela,583,Cambodian,Alcyone SVX
Ebba,584,Creek,Ram Van 1500
Lexine,585,South American,riolet
Alfy,586,Sri Lankan,Continental
Melodie,587,American Indian,Quest
Grazia,588,Chickasaw,Suburban 2500
Valma,589,Menominee,Silverado 2500
Wendye,590,Central American,626
Lenora,591,American Indian and Alaska Native (AIAN),SL-Class
Alia,592,Vietnamese,Charger
Arielle,593,Ute,Pajero
Ingeberg,594,Chamorro,Optima
Harriette,595,Salvadoran,E350
Janka,596,Uruguayan,Esteem
Sharia,597,Uruguayan,Savana 2500
Bell,598,Yaqui,RSX
Janina,599,Nicaraguan,Ram 3500
Rosanna,600,Choctaw,Lanos
Truda,601,Mexican,Montero
Fifine,602,Iroquois,Pajero
Myra,603,Potawatomi,Spectra
Avie,604,White,Mountaineer
Clemence,605,Bangladeshi,A5
Bethanne,606,White,Millenia
Joletta,607,Guamanian,Cayman
Shawnee,608,Tlingit-Haida,Miata MX-5
Shirlee,609,Puerto Rican,Five Hundred
Roxana,610,Filipino,SJ
Natalee,611,Yakama,Coachbuilder
Loleta,612,Aleut,E-Series
Elene,613,Chickasaw,Outback
Alie,614,Choctaw,Corvette
Manya,615,Tongan,Continental Mark VII
Casie,616,Peruvian,Hombre Space
Leda,617,Crow,Avanti
Berenice,618,Bolivian,LR3
Roxane,619,Chamorro,Reno
Mag,620,Micronesian,XL-7
Perri,621,Tohono O'Odham,Mustang
Renate,622,Tongan,Tahoe
Caitlin,623,Spaniard,SLX
Imogen,624,Chilean,Festiva
Madelle,625,Navajo,Continental
Gnni,626,Venezuelan,RX-7
Eadith,627,Tongan,1500
Sybille,628,Houma,Suburban 2500
Laurene,629,Asian Indian,Sidekick
Gert,630,Kiowa,F150
Caro,631,Ecuadorian,Camaro
Fancy,632,Uruguayan,Range Rover Sport
Federica,633,Alaska Native,Celica
Jessa,634,Bangladeshi,Montana
Dorella,635,Dominican (Dominican Republic),S-Class
Bernardina,636,Tlingit-Haida,Celica
Ardenia,637,Polynesian,Econoline E350
Kathryne,638,Potawatomi,612 Scaglietti
Elinor,639,Shoshone,GT500
Holli,640,Taiwanese,Impala
Sallyann,641,Honduran,Aero 8
Jesse,642,Colombian,9-7X
Veronika,643,Creek,A6
Tasia,644,Salvadoran,Focus
Allis,645,White,Cutlass Supreme
Louisa,646,Argentinian,S10
Julianna,647,Iroquois,Yukon XL 2500
Jessi,648,Asian,LR3
Valina,649,Bangladeshi,A8
Christy,650,Korean,Mazda6
Toma,651,Cheyenne,GTO
Dodi,652,Central American,Regency
Lita,653,Ecuadorian,Ram 2500
Jackqueline,654,Potawatomi,Rabbit
Morna,655,Paraguayan,SRX
Sher,656,Japanese,Ram Van 1500
Rodina,657,Taiwanese,Yukon XL 2500
Ursuline,658,Indonesian,Jetta
Laurice,659,Cuban,M
Di,660,Venezuelan,Panamera
Tera,661,Sioux,Crossfire
Melesa,662,Bangladeshi,911
Tiphany,663,Black or African American,Mustang
Austine,664,Latin American Indian,LTD Crown Victoria
Brandi,665,Blackfeet,Storm
Kelsi,666,Eskimo,Diamante
Jackie,667,Bolivian,GT-R
Agnola,668,Cherokee,Express 2500
Christal,669,Guatemalan,Odyssey
Erika,670,Costa Rican,300M
Dulsea,671,Sioux,Miata MX-5
Sharona,672,Peruvian,Civic
Dallas,673,Korean,CL
Arlena,674,Kiowa,Range Rover
Melisa,675,Creek,Miata MX-5
Dora,676,Lumbee,T100 Xtra
Kalli,677,Peruvian,S-Type
Jacqui,678,Osage,Mustang
Wallie,679,Potawatomi,SLK-Class
Daloris,680,Yuman,Sable
Bessy,681,Yuman,Solstice
Cornie,682,Colombian,Firebird
Judith,683,Hmong,Range Rover
Arlie,684,Black or African American,rio
Jessie,685,Melanesian,Firebird
Jobey,686,Pakistani,Riviera
Meggie,687,Yuman,MX-5
Junie,688,Sioux,XJ
Davida,689,Dominican (Dominican Republic),E-Class
Valenka,690,Native Hawaiian,Mazda6 Sport
Merna,691,Choctaw,Eclipse
Christiane,692,Sri Lankan,Pajero
Sari,693,Potawatomi,6 Series
Marja,694,Apache,Montego
Angelle,695,Malaysian,Grand Am
Eadie,696,Indonesian,Forester
Almire,697,Cambodian,Bravada
Nettle,698,Houma,B-Series
Thalia,699,Puget Sound Salish,Esprit
Noni,700,Korean,Element
Rosetta,701,Chamorro,2500
Lucienne,702,Choctaw,3500
Hannie,703,Shoshone,ES
Kelley,704,Ecuadorian,Sidekick
Hilary,705,Cree,Astro
Ursa,706,Cheyenne,DTS
Elvina,707,Nicaraguan,Focus
Meriel,708,Colombian,Frontier
Marie-jeanne,709,Costa Rican,Astro
Rene,710,Iroquois,Firebird
Melloney,711,Ecuadorian,370Z
Berta,712,Taiwanese,IS F
Deborah,713,Samoan,Lancer Evolution
Merrilee,714,Aleut,XL-7
Sally,715,Colombian,Cougar
Margery,716,Japanese,CR-X
Lark,717,Pima,Metro
Julianne,718,Dominican (Dominican Republic),Range Rover Sport
Merrilee,719,Crow,Xterra
Sande,720,Pakistani,SJ
Maryann,721,Osage,Town & Country
Costanza,722,Eskimo,M Roadster
Shandra,723,Asian,Discovery
Billi,724,American Indian and Alaska Native (AIAN),Focus
Joscelin,725,Latin American Indian,Trooper
Shanna,726,Sri Lankan,CX-9
Valida,727,Laotian,Familia
Dorolisa,728,White,Dakota Club
Karina,729,Taiwanese,RL
Dorry,730,Apache,Golf
Meta,731,Argentinian,929
Clarisse,732,Micronesian,Sierra 2500
Colette,733,Mexican,Cabriolet
Joane,734,Puerto Rican,S70
Randene,735,South American,Golf
Vivienne,736,Japanese,RX-7
Freddy,737,Cuban,Aerio
Ted,738,Cuban,Toronado
Hallie,739,White,tC
Catrina,740,Native Hawaiian,Lancer
Amandy,741,Aleut,SLR McLaren
Riane,742,Comanche,Land Cruiser
Jolyn,743,Pueblo,Cutlass
Dusty,744,Colville,Sonata
Gianna,745,Ute,Yukon
Adela,746,Kiowa,F430
Babs,747,Dominican (Dominican Republic),Ram 2500
Bibi,748,Shoshone,Passat
Zarla,749,Thai,Cutlass Supreme
Rivkah,750,Crow,Swift
Anna-maria,751,Honduran,riolet
Vonni,752,Crow,XLR
Maryann,753,Yaqui,Suburban 1500
Gwendolin,754,Vietnamese,Sierra 3500
Rosa,755,Latin American Indian,Paseo
Alexine,756,Yaqui,Raider
Mimi,757,Fijian,Pajero
Maddalena,758,Kiowa,Thunderbird
Joana,759,Venezuelan,CTS
Casie,760,Sioux,GLI
Idaline,761,Guamanian,Trooper
Julita,762,Samoan,Legacy
Camel,763,Bolivian,Cayman
Alicia,764,Chippewa,Blazer
Eugenia,765,Hmong,Sunfire
Misty,766,Hmong,Swift
Cynde,767,Sioux,Camry Hybrid
Con,768,Potawatomi,H1
Lissy,769,Peruvian,Legacy
Agna,770,Panamanian,S-Series
Deonne,771,Navajo,X6 M
Brigida,772,Chippewa,Cavalier
Meagan,773,Shoshone,Sunbird
Easter,774,Yuman,Thunderbird
Neila,775,Samoan,Celica
Dorise,776,Spaniard,Toronado
Midge,777,Vietnamese,Sequoia
Kaylyn,778,American Indian and Alaska Native (AIAN),E-Class
Janie,779,Native Hawaiian and Other Pacific Islander (NHPI),Bravada
Valina,780,Iroquois,Impreza
Claude,781,American Indian and Alaska Native (AIAN),V8
Jenda,782,Peruvian,Sienna
Helge,783,Malaysian,Grand Prix
Annadiana,784,Peruvian,GTI
Julienne,785,Argentinian,Sable
Janet,786,Ecuadorian,B-Series
Valerie,787,Chickasaw,SC
Ianthe,788,Latin American Indian,Savana 3500
Maddi,789,Spaniard,Camaro
Breena,790,Navajo,Wrangler
La verne,791,Bangladeshi,Corvette
Caril,792,Paiute,Town Car
Gus,793,South American,Chariot
Malorie,794,Samoan,Esperante
Henrieta,795,Crow,Sienna
Benny,796,Chamorro,M3
Lynette,797,Paraguayan,Tacoma
Hedvige,798,Iroquois,I
Ingeberg,799,Cambodian,Vandura 3500
Cathrin,800,South American,Elise
Zia,801,Venezuelan,Escalade
Vyky,802,Houma,Accord
Beret,803,Lumbee,2CV
Tildi,804,Comanche,Cabriolet
Ciel,805,Houma,Express 3500
Vivie,806,Thai,DTS
Dedie,807,Argentinian,LS
Stephi,808,Shoshone,2500
Lenee,809,South American,LS Hybrid
Dion,810,Bolivian,Santa Fe
Dorelle,811,Alaska Native,Optima
Winnah,812,Uruguayan,9-5
Gale,813,Comanche,400E
Theresa,814,Guamanian,Previa
Bethina,815,Thai,E-Class
Ester,816,Chickasaw,GS
Harriot,817,Chilean,Cobalt
Felicdad,818,Sri Lankan,Canyon
Alanah,819,Ute,Nuova 500
Gabbie,820,Puerto Rican,Sorento
Amber,821,Cuban,Touareg 2
Adrianne,822,South American,Villager
Deedee,823,Colville,Express 2500
Kayle,824,Yuman,Lancer
Gray,825,Paiute,Canyon
Andra,826,Crow,Mazda6
Mamie,827,Latin American Indian,F250
Inessa,828,Cree,Taurus
Analiese,829,Guatemalan,Scoupe
Jeanelle,830,Guamanian,Ion
Gratia,831,Taiwanese,Mustang
Jennette,832,Alaskan Athabascan,CL-Class
Bernadette,833,Japanese,Sigma
Kaja,834,Native Hawaiian,Aveo
Cyndy,835,Taiwanese,Corvette
Carline,836,Pima,TL
Tabbi,837,Asian Indian,Elan
Kathlin,838,White,Town & Country
Riva,839,Tongan,Rio5
Giana,840,Bangladeshi,STS
Miguelita,841,Thai,Rendezvous
Sibella,842,Potawatomi,Chariot
Vyky,843,Paiute,Grand Prix
Libbi,844,Ottawa,Justy
Carmela,845,Ute,Range Rover Evoque
Bev,846,Yaqui,Exige
Allys,847,American Indian,M-Class
Minnie,848,Colville,Bravada
Meaghan,849,Chilean,Mazda6
Emera,850,Bangladeshi,QX
Jere,851,Puerto Rican,599 GTB Fiorano
Tarah,852,Pima,Venture
Ashly,853,Uruguayan,Tempo
Barbe,854,Delaware,Endeavor
Lissa,855,Ute,LTD Crown Victoria
Lona,856,Chilean,S-Class
Lucia,857,Spaniard,Compass
Tobye,858,Osage,Relay
Tomi,859,Taiwanese,Odyssey
Pen,860,Native Hawaiian and Other Pacific Islander (NHPI),Caravan
Cordelie,861,Pueblo,Jetta
Maude,862,Yuman,Tacoma
Florenza,863,Creek,Trans Sport
Fayina,864,Ute,Camaro
Dollie,865,Iroquois,Colorado
Stephana,866,Puerto Rican,XG300
Eadie,867,Yuman,Talon
Michelina,868,Seminole,GTI
Merline,869,Shoshone,M-Class
April,870,Alaska Native,Suburban 2500
Goldia,871,Puget Sound Salish,Veracruz
Tiffani,872,Chinese,Sonata
Jolee,873,Black or African American,Cherokee
Brana,874,Chinese,5 Series
Roberta,875,Houma,EX
Dacey,876,Crow,Z3
Dulcie,877,Korean,Integra
Kacy,878,Black or African American,Topaz
Marnie,879,Mexican,Mustang
Josephina,880,Black or African American,Terraza
Fredra,881,South American,Venture
Binnie,882,Asian Indian,XC90
Harlie,883,Taiwanese,H2 SUT
Gretal,884,Menominee,Matrix
Alexina,885,Asian Indian,Magnum
Kristina,886,Guatemalan,Savana 1500
Jenine,887,Chippewa,Z8
Melony,888,Alaskan Athabascan,G
Yoko,889,American Indian,Envoy XL
Bobina,890,Aleut,Charger
Mona,891,Iroquois,Neon
Corilla,892,Yuman,Vandura G2500
Gale,893,Delaware,LeMans
Adela,894,Peruvian,Firefly
Arlee,895,American Indian,Sebring
Edythe,896,Uruguayan,Ranger
Bernadina,897,Potawatomi,Dakota
Celka,898,Honduran,A6
Natalya,899,Salvadoran,RS6
Pris,900,Puget Sound Salish,Firefly
Remy,901,Latin American Indian,9-3
Fina,902,Yuman,XLR
Jannelle,903,Indonesian,IS-F
Marthena,904,Native Hawaiian and Other Pacific Islander (NHPI),Crossfire
Jo-anne,905,Chilean,Land Cruiser
Barb,906,Sri Lankan,Eclipse
Edythe,907,Latin American Indian,Crossfire
Deena,908,Chilean,LX
Nathalie,909,Filipino,Accord
Page,910,Cambodian,Catera
Sonia,911,Black or African American,SLK-Class
Layne,912,Potawatomi,Suburban 2500
Katti,913,Choctaw,D350 Club
Vicki,914,Houma,Bronco
Margret,915,Mexican,Grand Am
Dorella,916,American Indian,Dakota Club
Elfie,917,Chinese,Land Cruiser
Lina,918,Peruvian,Sentra
Karole,919,Laotian,C70
Leontine,920,Black or African American,458 Italia
Nicolette,921,Ute,Town Car
Petronia,922,Tohono O'Odham,S10 Blazer
Karly,923,Panamanian,Impala
Crysta,924,Alaskan Athabascan,Sorento
Kaylee,925,Houma,Yukon
Cahra,926,American Indian,Spectra
Tatiania,927,Nicaraguan,Paseo
Maire,928,Filipino,Accent
Geraldine,929,Pima,Continental GTC
Tiff,930,Chinese,2500
Michelina,931,Osage,2500
Etti,932,Honduran,Camry Hybrid
Lucretia,933,Colville,Town & Country
Jade,934,Micronesian,Routan
Vivie,935,Ute,Esprit
Donelle,936,Black or African American,Town & Country
Brittaney,937,Samoan,Ghost
Marya,938,Ottawa,Pathfinder
Collette,939,Central American,Grand Cherokee
Fionna,940,Ecuadorian,Neon
Lorettalorna,941,Aleut,Civic
Tamarah,942,Cambodian,Corolla
Cate,943,Chickasaw,Taurus
Nancee,944,Cree,Accord
Sena,945,Crow,EV1
Gretal,946,Korean,Swift
Agnella,947,Shoshone,V70
Kata,948,Navajo,Express 3500
Bethena,949,White,RX
Bunnie,950,Thai,9-2X
Lauryn,951,Nicaraguan,Rainier
Ginny,952,Vietnamese,Eclipse
Dione,953,Houma,Yukon
Laina,954,White,E-Series
Gale,955,Choctaw,Enclave
Cathie,956,Laotian,Flex
Amabel,957,Cherokee,A6
Kamila,958,Uruguayan,xA
Dareen,959,Tlingit-Haida,Jetta
Nissa,960,Black or African American,LeSabre
Dorey,961,Thai,Regal
Sheri,962,Chickasaw,F350
Karine,963,Tohono O'Odham,SRX
Letty,964,Crow,F350
Geri,965,Venezuelan,MDX
Robinet,966,Tohono O'Odham,Crossfire
Clementina,967,Japanese,Scoupe
Daniela,968,Aleut,Navigator
Livvy,969,Pakistani,Escalade EXT
Birgitta,970,Costa Rican,Samurai
Susana,971,Paraguayan,Intrepid
Georgianna,972,Thai,Swift
Desirae,973,Taiwanese,Aveo
Maggi,974,Argentinian,Suburban 2500
Bertha,975,Taiwanese,Town Car
Netti,976,Central American,Xterra
Nannette,977,Laotian,Journey
Juana,978,Apache,Golf
Aurlie,979,Yaqui,SSR
Constantine,980,Black or African American,Grand Marquis
Lyndsey,981,Bolivian,Protege
Kirsti,982,Guamanian,Suburban 1500
Jennica,983,Filipino,3000GT
Layla,984,Cherokee,NSX
Koral,985,American Indian and Alaska Native (AIAN),Escort ZX2
Lacee,986,Colombian,F350
Nanine,987,Crow,Century
Luelle,988,Ute,Celica
Cristie,989,Asian,Tahoe
Lenka,990,Spaniard,MKT
Jessie,991,Colombian,M3
Zulema,992,White,Cabriolet
Jaquith,993,Malaysian,Escalade ESV
Easter,994,Malaysian,SLK-Class
Zelda,995,Japanese,Aurora
Kiah,996,Japanese,Challenger
Philippe,997,Cambodian,Cougar
Lory,998,Cuban,4Runner
Vonnie,999,Yaqui,Elantra
Zulema,1000,Argentinian,Continental Super
